CASE ID,Activity,current
1-516553982,Closed,34075.018
1-529067006,Closed,30360.24
1-529096847,Closed,30352.776
1-530458987,Closed,29863.536
1-532109338,Closed,29240.593
1-536444735,Closed,27860.295
1-536481337,Closed,27854.554
1-541468268,Closed,26114.445
1-543979253,Closed,25279.821
1-544969832,Closed,24404.645
1-557297151,Closed,22684.333
1-597436480,Closed,16581.95
1-603556351,Closed,16129.22
1-606902814,Closed,15341.589
1-613379581,Closed,14740.821
1-617858557,Closed,13866.327
1-620611187,Closed,13312.203
1-623778166,Closed,12734.107
1-630181491,Closed,11310.676
1-636928149,Closed,10676.813
1-638018481,Closed,11363.887
1-638841644,Closed,10099.974
1-642373523,Closed,10084.908
1-642402641,Closed,9991.916
1-642411971,Closed,10427.564
1-643546500,Closed,9972.631
1-643684191,Closed,9812.26
1-647953636,Closed,9803.427
1-649830550,Closed,9824.392
1-649950870,Closed,9470.795
1-650013051,Closed,9726.021
1-651196130,Closed,9278.707
1-653391886,Closed,9164.675
1-656450664,Closed,8754.88
1-657323705,Closed,8585.707
1-657893589,Closed,8331.837
1-657900377,Closed,8191.92
1-658515933,Closed,8431.469
1-659129745,Closed,8610.845
1-683319231,Closed,6359.274
1-686398767,Closed,6820.585
1-686609791,Closed,6510.615
1-687082195,Closed,7110.913
1-687085471,Closed,7110.9
1-687638428,Closed,6938.973
1-687647619,Closed,5989.565
1-687710013,Closed,6483.802
1-689206959,Closed,6361.394
1-690839783,Closed,5796.296
1-691049627,Closed,6162.906
1-691759626,Closed,6465.618
1-691832279,Closed,5840.229
1-692009261,Closed,6626.232
1-692067345,Closed,6407.658
1-692758994,Closed,6750.482
1-693253181,Closed,5646.534
1-693258975,Closed,5560.879
1-693352046,Closed,5644.282
1-693822171,Closed,5122.186
1-693837467,Closed,5345.912
1-694035053,Closed,6628.193
1-694236018,Closed,5069.869
1-694300980,Closed,6014.057
1-694339964,Closed,5923.439
1-694346169,Closed,5576.041
1-694375168,Closed,6562.099
1-694457714,Closed,5253.776
1-694782353,Closed,4888.692
1-694845331,Closed,6436.48
1-694868667,Closed,6436.294
1-694899341,Closed,5565.261
1-694975897,Closed,5296.514
1-695221831,Closed,6444.056
1-695452478,Closed,6429.682
1-695486451,Closed,5302.984
1-696101645,Closed,4539.349
1-696882469,Closed,5129.14
1-696911694,Closed,4526.393
1-696981592,Closed,5030.186
1-697746161,Closed,4812.602
1-697751037,Closed,4750.529
1-697774726,Closed,4982.353
1-698029651,Closed,5824.346
1-698487635,Closed,4273.257
1-698843072,Closed,4440.234
1-699016718,Closed,4283.316
1-699557832,Closed,3724.3
1-699617036,Closed,4146.039
1-699703931,Closed,4365.827
1-699719677,Closed,4449.053
1-700135371,Closed,4465.199
1-700300604,Closed,4195.792
1-700356558,Closed,4709.797
1-700431220,Closed,4352.382
1-701284355,Closed,4686.784
1-701567557,Closed,4104.445
1-701687914,Closed,4530.405
1-701688007,Closed,4265.092
1-701799752,Closed,4175.007
1-702316147,Closed,4972.227
1-702586831,Closed,4955.558
1-703263656,Closed,3757.23
1-703368981,Closed,4788.493
1-703940589,Closed,3075.521
1-703999194,Closed,3762.645
1-704030543,Closed,3668.421
1-704096711,Closed,4096.311
1-704868231,Closed,3153.19
1-705084201,Closed,4085.411
1-705770183,Closed,3080.127
1-705895959,Closed,4537.242
1-705901284,Closed,4019.51
1-705937016,Closed,3273.757
1-706095828,Closed,3050.157
1-706221681,Closed,3567.065
1-706532431,Closed,3912.548
1-706844801,Closed,4291.062
1-706845546,Closed,3255.77
1-706880563,Closed,3685.191
1-707689061,Closed,2552.03
1-707771775,Closed,3578.72
1-707991342,Closed,3049.286
1-708505881,Closed,3083.218
1-708524564,Closed,3081.138
1-708526701,Closed,3167.443
1-708529881,Closed,2993.198
1-708577179,Closed,3078.304
1-708605704,Closed,3063.607
1-708621071,Closed,3590.047
1-708621216,Closed,3586.12
1-708654057,Closed,2597.753
1-708674093,Closed,3471.595
1-708824660,Closed,3058.78
1-708840281,Closed,2865.521
1-708840891,Closed,3159.124
1-708879965,Closed,3144.652
1-708954745,Closed,2529.925
1-709033790,Closed,3526.322
1-709167822,Closed,3169.374
1-709456716,Closed,3164.787
1-709465778,Closed,2557.067
1-709477967,Closed,2555.679
1-709502283,Closed,3004.895
1-709542591,Closed,3397.591
1-709544188,Closed,3071.215
1-709563537,Closed,2978.172
1-709663406,Closed,3146.218
1-709715968,Closed,2540.257
1-709804068,Closed,3395.358
1-709831036,Closed,3037.487
1-709844441,Closed,2792.521
1-710083211,Closed,3045.065
1-710211491,Closed,2451.863
1-712908376,Closed,2725.144
1-712916847,Closed,2023.248
1-712942400,Closed,2010.095
1-712950734,Closed,2784.682
1-712979761,Closed,2177.626
1-713472354,Closed,2135.126
1-715416771,Closed,3675.764
1-715628657,Closed,2634.138
1-715642734,Closed,2717.706
1-715658220,Closed,2114.86
1-715731471,Closed,2319.206
1-715739627,Closed,2540.082
1-715819222,Closed,2103.303
1-715860853,Closed,2962.141
1-715977583,Closed,1972.06
1-716114500,Closed,3513.231
1-716221928,Closed,2301.523
1-716224739,Closed,2635.82
1-716290816,Closed,2484.978
1-716294642,Closed,2638.681
1-716331563,Closed,2461.252
1-716409968,Closed,3579.301
1-716410529,Closed,2451.952
1-716510112,Closed,1929.852
1-716530349,Closed,1924.578
1-716584541,Closed,1952.318
1-716650567,Closed,2917.064
1-716689691,Closed,1824.849
1-716962496,Closed,1740.039
1-716981483,Closed,2212.525
1-717126508,Closed,2892.863
1-717137957,Closed,2158.538
1-717227518,Closed,2369.438
1-717228961,Closed,1852.509
1-717275031,Closed,2886.366
1-717333026,Closed,3486.86
1-717419109,Closed,2519.11
1-717491930,Closed,1662.602
1-717717559,Closed,2387.859
1-717720404,Closed,1662.894
1-717764374,Closed,2384.945
1-717770354,Closed,2384.747
1-717795233,Closed,2297.918
1-717845096,Closed,2467.241
1-717915624,Closed,2457.856
1-717918204,Closed,2805.666
1-717954369,Closed,2196.618
1-718032180,Closed,1754.261
1-718038855,In Call,1726.222
1-718100518,Closed,2095.538
1-718162127,Closed,2175.739
1-718915746,Closed,2132.279
1-718965291,Closed,1439.639
1-718977997,Closed,2131.118
1-719042888,Closed,1465.628
1-719156663,Closed,2028.321
1-719171831,Closed,1918.824
1-719204935,Closed,2111.69
1-719232890,Closed,3145.768
1-719278453,Closed,2022.056
1-719283506,Closed,2540.318
1-719343054,Closed,2107.65
1-719365340,Closed,1932.117
1-719457882,Closed,1996.192
1-719494184,Closed,2177.821
1-719527701,Closed,2378.311
1-719557848,Closed,1486.414
1-719562894,Closed,2048.992
1-719570805,Closed,2049.641
1-719999107,Closed,1964.022
1-720001688,Closed,2044.754
1-720020557,Closed,2459.757
1-720058448,Closed,2473.41
1-720113580,Closed,2038.728
1-720136845,Closed,1949.566
1-720183338,Closed,1948.298
1-720236793,Closed,1507.557
1-720238521,Closed,2013.983
1-720284313,Closed,2436.192
1-720284411,Closed,2999.381
1-720303301,Closed,2371.667
1-720314291,Closed,2371.341
1-720348105,Closed,2456.931
1-720382341,Closed,1935.922
1-720397707,Closed,1933.162
1-720413010,Closed,2454.202
1-720573655,Closed,1903.487
1-720600393,In Call,1317.473
1-722015518,Closed,2910.855
1-722019330,Closed,2046.576
1-722031971,Closed,1438.377
1-722053011,Closed,2391.34
1-722082563,Closed,1436.333
1-722100455,Closed,1693.874
1-722103633,Closed,2298.014
1-722135191,Closed,2032.537
1-722180141,Closed,2037.024
1-722199228,Closed,1688.943
1-722206475,Closed,1900.245
1-722242703,Closed,2242.447
1-722244560,Closed,1769.329
1-722261790,Closed,1942.039
1-722293660,Closed,2026.459
1-722362086,Closed,1794.379
1-722386222,Closed,1246.421
1-722386268,Closed,1874.608
1-722388008,Closed,1937.187
1-722393548,Closed,2367.806
1-722410869,Closed,1848.097
1-722446422,Closed,1848.329
1-722456527,Closed,1412.23
1-722464062,Closed,2020.695
1-722551539,Closed,1277.956
1-722563681,Closed,1949.014
1-722603802,Closed,1830.225
1-722653227,Closed,1400.27
1-722676283,Closed,1825.626
1-722699121,Closed,1183.362
1-722699381,Closed,1695.653
1-722800373,Closed,1714.482
1-726695193,Closed,2153.751
1-726712611,Closed,1341.374
1-726729135,Closed,1861.249
1-726769441,Closed,1668.697
1-726834518,Closed,1853.51
1-726844205,Closed,1767.151
1-726889557,Closed,1902.645
1-726893941,Closed,2802.199
1-726894731,Closed,1869.345
1-726923786,In Call,1201.037
1-726943514,Closed,1763.166
1-726977591,In Call,1104.918
1-727104891,Closed,1928.253
1-727113589,Closed,1748.467
1-727152027,Closed,1318.729
1-727165553,Closed,1223.799
1-727217586,Closed,1810.262
1-728181260,Closed,1875.224
1-728261720,Closed,1089.707
1-728290131,Closed,1695.868
1-728309860,Closed,1139.958
1-728326523,Closed,1865.177
1-728338595,Closed,1863.589
1-728372131,Closed,1678.758
1-728375012,Closed,1126.863
1-728380361,Closed,1675.477
1-728380521,Closed,1843.073
1-728412968,Closed,2121.394
1-728476062,Closed,1857.256
1-728515380,Closed,1249.376
1-728516315,Closed,2113.12
1-728549796,Closed,1075.263
1-728558963,Closed,2803.193
1-728565252,Closed,2197.275
1-728567120,Closed,1852.1
1-728567806,Closed,1114.221
1-728595344,Closed,1764.071
1-728604558,Closed,1113.874
1-728609400,Closed,1587.839
1-728628057,Closed,1032.699
1-728641783,Closed,1061.374
1-728737339,Closed,1488.714
1-728749040,Closed,1567.094
1-728827701,Closed,1614.905
1-729074991,Closed,1697.857
1-729083781,Closed,874.184
1-729315061,Closed,1432.096
1-729315411,Closed,2478.475
1-729315431,Closed,1354.107
1-729337282,Closed,2492.113
1-729351021,Closed,1614.935
1-729351591,Closed,1950.348
1-729351752,Closed,2550.46
1-729351761,Closed,1600.558
1-729363660,Closed,780.589
1-729371940,Closed,1961.527
1-729406081,Closed,1946.865
1-729406661,Closed,1315.407
1-729423171,Closed,1912.536
1-729423561,Closed,1870.279
1-729424771,Closed,1523.977
1-729455355,Closed,1523.214
1-729463251,Closed,1339.123
1-729463386,Closed,1682.817
1-729463406,Closed,1161.754
1-729463781,Closed,668.295
1-729463831,Closed,658.671
1-729463861,Closed,1088.194
1-729473091,Closed,2474.03
1-729473517,Closed,2469.943
1-729482553,Closed,830.292
1-729497222,Closed,1865.942
1-729510194,Closed,1867.878
1-729513010,Closed,1850.432
1-729556366,Closed,2469.832
1-729564393,Closed,1000.112
1-729593276,Closed,1517.112
1-729598821,Closed,1605.046
1-729616611,Closed,1517.335
1-729639068,Closed,2466.991
1-729642101,Closed,1511.25
1-729642261,Closed,1421.743
1-729650335,Closed,1860.988
1-729659065,Closed,1601.54
1-729692250,Closed,992.883
1-729701261,Closed,820.17
1-729707456,Closed,1507.401
1-729722696,Closed,1422.417
1-729724548,Closed,1939.274
1-729748248,Closed,1507.505
1-729751751,Closed,1419.683
1-729769884,Closed,1416.895
1-729781697,Closed,984.724
1-729799491,Closed,1935.754
1-729802209,Closed,1502.668
1-729809195,Closed,1244.08
1-729814049,Closed,1448.41
1-729820704,Closed,1414.917
1-729825014,Closed,2453.215
1-729857533,Closed,1582.492
1-729866114,Closed,1327.912
1-729870359,Closed,1580.855
1-729896421,Closed,1930.3
1-729913537,Closed,858.082
1-730005931,Closed,1495.407
1-730040641,Closed,1575.276
1-730040885,Closed,1311.022
1-730042386,Closed,1312.947
1-730065800,Closed,698.961
1-730068930,Closed,1399.979
1-730069431,Closed,962.312
1-730069683,Closed,1565.142
1-730080969,Closed,877.897
1-730081404,Closed,785.397
1-730084493,Closed,1386.584
1-730127001,Closed,1269.853
1-730127301,Closed,916.49
1-730127321,Closed,1521.192
1-730127381,Closed,742.842
1-730130539,Closed,1461.357
1-730520519,Closed,839.887
1-730529203,Closed,921.665
1-730540985,Closed,1787.695
1-730589165,Closed,833.931
1-730589790,Closed,1521.674
1-730604741,Closed,1436.552
1-730607446,Closed,1820.192
1-730624890,Closed,744.167
1-730640484,Closed,744.156
1-730641578,Closed,1257.914
1-730655295,Closed,1260.45
1-730655701,Closed,1346.637
1-730661532,Closed,1259.959
1-730662807,Closed,704.956
1-730664821,Closed,1344.634
1-730683794,Closed,2464.925
1-730693647,Closed,1737.447
1-730694495,Closed,908.324
1-730700447,Closed,1344.517
1-730737297,Closed,824.057
1-730757694,Closed,1339.469
1-730760509,Closed,1860.341
1-730760683,Closed,1772.946
1-730772841,Closed,735.318
1-730780976,Closed,1741.859
1-730788530,Closed,1810.171
1-730802686,Closed,908.346
1-730829508,Closed,818.771
1-730833007,Closed,906.274
1-730833132,Closed,1337.7
1-730872746,Closed,1328.174
1-730884191,Closed,1161.657
1-730901191,Closed,724.297
1-730901381,Closed,766.803
1-730901831,Closed,1138.107
1-730919669,Closed,1500.135
1-730957669,Closed,1416.147
1-730959490,Closed,1363.19
1-730969181,Closed,891.089
1-730969191,Closed,804.767
1-730969241,Closed,1753.156
1-730969511,Closed,1799.686
1-730969611,Closed,1038.674
1-730969651,Closed,1441.703
1-730997166,Closed,1502.46
1-730997865,Closed,722.337
1-731050483,Closed,1328.275
1-731050573,Closed,1149.223
1-731065533,Closed,671.524
1-731073050,Closed,1757.397
1-731088401,Closed,1326.068
1-731094128,Closed,1758.398
1-731094556,Closed,1496.145
1-731113654,Closed,1496.45
1-731117221,Closed,1324.916
1-731134946,Closed,2447.327
1-731142213,Closed,1494.76
1-731157379,Closed,1229.53
1-731157904,Closed,1495.118
1-731188940,Closed,1402.814
1-731233155,Closed,1395.611
1-731241891,Closed,1814.433
1-731273458,Closed,2420.97
1-731276604,Closed,1185.598
1-731333657,Closed,1702.638
1-731336210,Closed,1290.462
1-731341641,Closed,665.404
1-731382356,Closed,1100.649
1-731779343,In Call,1194.239
1-731780971,Closed,1189.064
1-731792134,Closed,747.58
1-731802464,Closed,1268.906
1-731809381,Closed,1353.512
1-731815411,Closed,1306.695
1-731818521,Closed,1351.236
1-731829901,Closed,1699.678
1-731829961,Closed,2304.017
1-731830101,Closed,1696.513
1-731830131,Closed,1436.854
1-731830151,Closed,831.474
1-731830191,Closed,1435.87
1-731830451,Closed,1344.506
1-731840730,Closed,1349.457
1-731849320,Closed,1209.779
1-731853306,Closed,1437.311
1-731861414,Closed,1293.298
1-731868901,Closed,660.142
1-731868981,Closed,831.623
1-731869211,Closed,614.259
1-731869581,Closed,2372.983
1-731869591,Closed,1376.723
1-731890914,Closed,1264.144
1-731897193,Closed,1780.971
1-731925995,Closed,2385.393
1-731965990,Closed,1259.353
1-731966140,Closed,1085.583
1-731966686,Closed,1342.587
1-731967683,Closed,1344.679
1-732011856,Closed,1085.058
1-732022076,Closed,1344.064
1-732024939,Closed,1342.067
1-732025285,Closed,1340.156
1-732027653,Closed,2377.164
1-732062676,Closed,1683.954
1-732067929,Closed,1254.267
1-732081952,Closed,1402.256
1-732088178,Closed,645.802
1-732095248,Closed,507.514
1-732098363,Closed,1281.823
1-732110977,Closed,1681.187
1-732121564,Closed,1013.959
1-732124409,Closed,815.765
1-732137688,Closed,728.287
1-732139419,Closed,2285.581
1-732145234,Closed,1075.172
1-732163361,Closed,1334.608
1-732171009,Closed,1247.088
1-732173481,Closed,726.865
1-732173541,Closed,1244.919
1-732174599,Closed,1158.605
1-732177911,Closed,1161.366
1-732179287,Closed,1333.225
1-732193663,Closed,1244.275
1-732196939,Closed,1678.7
1-732199958,Closed,1332.846
1-732203933,Closed,1246.055
1-732211961,Closed,1329.89
1-732212111,Closed,1067.532
1-732212211,Closed,1410.769
1-732212241,Closed,1668.451
1-732212261,Closed,1063.151
1-732212661,Closed,1009.155
1-732212731,Closed,746.674
1-732212891,Closed,1173.572
1-732229387,Closed,1761.974
1-732259171,Closed,1158.993
1-732259271,Closed,1303.125
1-732259291,Closed,1618.038
1-732259491,Closed,1084.969
1-732259521,Closed,1256.369
1-732261411,Closed,749.036
1-732261521,Closed,1177.454
1-732279953,Closed,1414.895
1-732289335,Closed,1239.812
1-732289939,Closed,1241.258
1-732296918,Closed,1241.026
1-732316871,Closed,1405.405
1-732332311,Closed,631.746
1-732335159,Closed,1237.37
1-732348420,Closed,1752.621
1-732361418,Closed,627.145
1-732361737,Closed,1659.404
1-732378982,Closed,624.877
1-732419012,Closed,1221.112
1-732439433,Closed,614.053
1-732451728,Closed,1282.68
1-732463205,Closed,1198.219
1-732473167,Closed,1387.958
1-732852191,Closed,756.771
1-732863332,Closed,1361.631
1-732869889,Closed,1178.239
1-732883071,Closed,1271.692
1-732884421,Closed,1617.092
1-732892174,Closed,1010.124
1-732892779,Closed,1611.977
1-732899659,Closed,1349.169
1-732899879,Closed,1175.374
1-732909606,Closed,1262.983
1-732942791,Closed,1174.932
1-732970482,Closed,2206.188
1-732970505,Closed,1263.85
1-733009526,Closed,653.713
1-733037955,Closed,1001.445
1-733073251,Closed,1075.705
1-733073541,Closed,1156.069
1-733073791,Closed,706.216
1-733075475,Closed,1258.464
1-733075652,Closed,651.576
1-733076472,Closed,1166.039
1-733076791,Closed,901.553
1-733076851,Closed,747.509
1-733082240,Closed,739.001
1-733120018,Closed,936.223
1-733120074,In Call,1094.863
1-733141096,In Call,916.63
1-733158183,Closed,1339.371
1-733161095,Closed,562.331
1-733161610,Closed,1251.361
1-733177423,Closed,559.905
1-733178699,Closed,1166.682
1-733198236,Closed,1339.17
1-733199874,Closed,647.586
1-733199887,Closed,560.662
1-733207651,Closed,646.739
1-733208951,Closed,1595.867
1-733209061,Closed,1161.089
1-733209231,Closed,1243.709
1-733209291,Closed,1674.368
1-733209301,Closed,1587.987
1-733209431,Closed,937.944
1-733209761,Closed,577.587
1-733211401,Closed,1164.433
1-733240668,Closed,2283.945
1-733242301,Closed,1249.737
1-733244535,Closed,1680.516
1-733251971,Closed,1595.188
1-733252138,Closed,1248.282
1-733252212,Closed,1161.938
1-733254575,Closed,1158.915
1-733265984,Closed,1334.842
1-733272407,Closed,1332.719
1-733301711,Closed,1244.938
1-733302363,Closed,1245.579
1-733345605,Closed,1156.77
1-733350311,Closed,982.129
1-733350721,Closed,1238.32
1-733364740,Closed,1240.407
1-733368557,Closed,631.61
1-733372160,Closed,1153.418
1-733372382,Closed,547.057
1-733408351,Closed,1151.275
1-733414248,Closed,2188.803
1-733424129,Closed,2187.59
1-733443560,Closed,537.096
1-733471771,Closed,1562.669
1-733474451,Closed,1226.01
1-733478032,Closed,1229.865
1-733482215,Closed,1051.393
1-733482558,Closed,1049.377
1-733485346,Closed,533.341
1-733539596,Closed,1277.572
1-733547550,Closed,1200.933
1-733549283,Closed,1109.444
1-733556791,Closed,430.698
1-733565953,Closed,1555.305
1-733648964,Closed,1630.118
1-734030508,Closed,1107.798
1-734659103,Closed,2134.902
1-734659114,Closed,1183.866
1-734666685,Closed,1496.12
1-734666802,Closed,1093.451
1-734668261,Closed,2136.498
1-734671867,Closed,1186.673
1-734672931,Closed,667.048
1-734673331,Closed,1168.68
1-734673391,Closed,1166.356
1-734673481,Closed,2112.922
1-734673591,Closed,553.738
1-734676637,Closed,2133.812
1-734681311,Closed,1180.718
1-734693728,In Call,860.489
1-734697082,Closed,921.159
1-734702136,Closed,1091.761
1-734705951,Closed,1267.568
1-734710118,Closed,1526.911
1-734712541,Closed,1094.275
1-734722000,Closed,1180.447
1-734722370,Closed,1607.547
1-734723881,Closed,1526.04
1-734732031,Closed,1180.223
1-734732196,Closed,1524.294
1-734734063,Closed,1179.141
1-734735344,Closed,1265.572
1-734744358,Closed,572.057
1-734750582,Closed,1608.289
1-734751876,Closed,1522.507
1-734753125,Closed,1176.423
1-734765792,Closed,1001.565
1-734775492,Closed,349.223
1-734790231,Closed,1521.697
1-734790466,Closed,481.677
1-734792384,Closed,1260.1
1-734792765,Closed,1084.942
1-734796496,Closed,567.48
1-734796736,Closed,653.196
1-734796835,Closed,912.427
1-734801676,In Call,536.375
1-734805308,Closed,1604.482
1-734805695,Closed,1160.339
1-734805854,Closed,908.262
1-734805965,Closed,1519.9
1-734807244,Closed,2123.792
1-734807317,Closed,481.246
1-734807792,Closed,1084.82
1-734812011,Closed,1516.792
1-734812081,Closed,938.102
1-734812111,Closed,1512.105
1-734812121,Resolved,1560.71
1-734812231,Closed,1075.703
1-734812351,Closed,1159.575
1-734812391,Closed,985.595
1-734812571,Closed,461.791
1-734812591,Closed,1498.224
1-734812621,Closed,1151.216
1-734812751,Closed,965.408
1-734836356,Closed,1254.235
1-734842204,Closed,1080.946
1-734842516,Closed,1171.458
1-734842588,Closed,1257.396
1-734847613,Closed,1084.36
1-734847663,Closed,2121.44
1-734849461,Closed,827.965
1-734849791,Closed,1173.28
1-734863265,Closed,1082.742
1-734867990,Closed,851.78
1-734868961,Closed,2122.023
1-734870053,In Call,1012.099
1-734894748,Closed,1164.56
1-734903069,Closed,1254.309
1-734904368,Closed,907.713
1-734908392,Closed,907.523
1-734910992,Closed,476.476
1-734911719,Closed,1250.71
1-734915939,Closed,1160.624
1-734916681,Closed,1077.055
1-734916886,Closed,470.919
1-734922986,Closed,1080.209
1-734926010,Closed,1253.204
1-734930461,Closed,1163.099
1-734941798,Closed,989.215
1-734961624,Closed,1161.991
1-734964829,Closed,1508.883
1-734968198,Closed,557.332
1-734968511,Closed,1075.018
1-734968637,Closed,1246.818
1-734971186,In Call,1117.586
1-734973156,Closed,903.049
1-734973304,Closed,1075.596
1-734987071,Resolved,1576.298
1-734994401,Closed,1032.713
1-735000101,Closed,1074.95
1-735000225,Closed,469.337
1-735006290,Closed,467.767
1-735010701,Closed,1160.707
1-735013174,Closed,987.163
1-735013701,Closed,1158.278
1-735015171,Closed,1159.897
1-735025653,Closed,1072.009
1-735030751,Closed,981.276
1-735030780,Closed,1326.396
1-735037660,Closed,898.441
1-735037874,Closed,1462.669
1-735045971,Closed,1072.647
1-735053067,Closed,1503.9
1-735058984,Closed,1157.969
1-735063522,In Call,416.462
1-735064179,Closed,1068.366
1-735064620,Resolved,1550.508
1-735071006,Closed,983.413
1-735071172,Closed,1156.217
1-735077411,Closed,1586.104
1-735077470,Closed,721.162
1-735077961,Closed,1042.059
1-735078041,Closed,929.246
1-735078091,Closed,831.028
1-735078291,Closed,794.768
1-735078433,Closed,661.948
1-735078551,Closed,652.426
1-735078581,Closed,816.909
1-735084802,Closed,462.729
1-735086920,Closed,463.607
1-735087312,Closed,1067.514
1-735087406,Closed,1066.722
1-735089696,Closed,1064.713
1-735093723,Closed,1151.068
1-735101862,Closed,972.174
1-735104663,Closed,1499.354
1-735104703,Closed,1584.952
1-735104855,Closed,1062.312
1-735117603,Closed,840.899
1-735126180,Closed,370.213
1-735136971,Closed,1581.539
1-735145804,Closed,967.338
1-735147842,Closed,536.696
1-735162254,Closed,533.164
1-735168231,Closed,835.798
1-735168341,Closed,314.121
1-735168351,Closed,1005.493
1-735168371,Closed,1954.06
1-735168591,Closed,904.208
1-735168641,Closed,122.979
1-735168701,Closed,294.438
1-735168771,Closed,898.504
1-735170395,Closed,433.65
1-735170801,Closed,971.471
1-735171573,Closed,1226.445
1-735177767,Closed,933.707
1-735181447,Closed,966.744
1-735181620,Closed,445.846
1-735181678,Closed,358.947
1-735181822,Closed,443.248
1-735188058,Closed,1053.548
1-735224038,Closed,443.355
1-735226302,Closed,613.161
1-735231580,Closed,1193.836
1-735237150,Closed,1018.271
1-735262281,Resolved,1493.197
1-735262468,Closed,991.187
1-735266029,Closed,1031.336
1-735318750,Closed,1408.355
1-735318871,Closed,275.253
1-735877791,Closed,203.697
1-735877837,Closed,981.049
1-735895007,Closed,1004.949
1-735895054,Closed,1523.393
1-735897079,Closed,1513.721
1-735909135,Closed,836.26
1-735916798,Closed,1331.502
1-735918121,Closed,1008.816
1-735918241,Closed,223.302
1-735918271,Closed,1259.505
1-735918281,Closed,393.547
1-735918621,Closed,372.093
1-735918631,Closed,198.618
1-735930868,Closed,231.79
1-736286546,Closed,910.111
1-736290060,Closed,873.343
1-736298288,Closed,983.915
1-736319805,Closed,1008.42
1-736346711,Closed,1008.385
1-736346729,Closed,999.411
1-736349585,Closed,921.276
1-736369451,Closed,837.968
1-736370015,Closed,324.459
1-736374601,Closed,400.483
1-736379048,Closed,1012.621
1-736380358,Closed,315.849
1-736382563,Closed,832.847
1-736384598,Closed,1869.56
1-736391598,Closed,915.189
1-736399475,Closed,918.213
1-736403573,Closed,1003.796
1-736403645,Closed,830.386
1-736412923,Closed,920.332
1-736413598,Closed,311.653
1-736433201,Closed,830.124
1-736440526,Closed,1348.174
1-736464674,Closed,740.217
1-736465953,Closed,309.628
1-736488248,Closed,995.56
1-736488545,Closed,820.847
1-736499051,Closed,920.823
1-736503218,Resolved,1316.453
1-736504398,Resolved,1298.74
1-736517752,Closed,818.992
1-736541581,Closed,1249.11
1-736544975,Resolved,188.403
1-736547971,Closed,212.197
1-736549060,Closed,1855.125
1-736552272,Closed,212.013
1-736568631,Closed,293.765
1-736577384,Closed,641.036
1-736584672,Closed,722.622
1-736593529,Closed,291.993
1-736593793,Closed,290.674
1-736593880,Closed,721.495
1-736595605,Closed,722.957
1-736598835,Closed,702.561
1-736598875,Closed,1326.464
1-736599009,Closed,812.21
1-736602025,Closed,811.777
1-736602136,Closed,205.14
1-736602185,Closed,163.982
1-736602448,Closed,587.352
1-736606770,Closed,894.798
1-736610908,Closed,897.507
1-736611175,Closed,982.125
1-736629596,Closed,97.825
1-736633861,Closed,78.959
1-736641065,Closed,111.934
1-736643966,Closed,894.166
1-736649178,Closed,893.567
1-736651898,Closed,625.034
1-736658581,Closed,669.073
1-736665050,Closed,889.726
1-736665800,Closed,792.672
1-736667947,Closed,717.607
1-736673281,Closed,796.685
1-736673356,Closed,708.161
1-736674001,Closed,184.74
1-736674162,Closed,632.835
1-736674251,Closed,705.27
1-736674351,Closed,63.012
1-736674371,Closed,666.91
1-736674591,Closed,94.875
1-736674641,Closed,659.167
1-736674681,Closed,658.104
1-736674731,Closed,656.753
1-736674741,Closed,656.555
1-736674761,Closed,5.346
1-736674791,Closed,655.358
1-736674861,Closed,221.464
1-736676173,Closed,189.294
1-736676599,Closed,701.066
1-736684347,Closed,796.229
1-736687529,Closed,788.677
1-736690605,Closed,95.091
1-736696301,Closed,788.862
1-736700628,Closed,1223.781
1-736700836,Closed,183.658
1-736701726,Closed,85.391
1-736701740,In Call,0.516
1-736704900,In Call,1.308
1-736705406,Closed,871.897
1-736707986,Closed,94.659
1-736708926,Closed,81.518
1-736717829,Closed,91.731
1-736719999,Closed,782.691
1-736720019,Closed,869.158
1-736720411,Closed,755.243
1-736720459,Closed,755.058
1-736720519,Closed,754.705
1-736720567,Closed,754.281
1-736722133,In Call,0.602
1-736722204,Closed,675.114
1-736725878,Closed,1782.91
1-736726506,In Call,0.116
1-736726607,In Call,0.468
1-736727128,Closed,691.161
1-736727467,Closed,688.59
1-736727723,Closed,685.172
1-736771047,In Call,16.117
1-736771094,In Call,503.882
1-736771164,In Call,2.32
1-736771176,Closed,62.429
1-736771304,In Call,0.291
1-736771448,In Call,0.212
1-736771694,In Call,492.276
1-736772341,Closed,739.756
1-736772609,In Call,28.627
1-736772621,Closed,119.781
1-736772729,Closed,29.938
1-736773080,Closed,681.062
1-736773501,Closed,677.525
1-736773721,Closed,675.871
1-736773732,Closed,675.729
1-736773744,Closed,675.631
1-737307671,Closed,826.952
1-737309288,In Call,0.502
1-737309366,In Call,0.109
1-737309400,In Call,0.225
1-737309611,In Call,0.228
1-737310135,Closed,671.995
1-737310431,Closed,669.13
1-737310671,Closed,665.204
1-737313492,Closed,737.685
1-737314763,In Call,0.751
1-737321146,Closed,50.617
1-737322461,Closed,740.88
1-737322701,Closed,650.443
1-737325626,Closed,652.295
1-737325728,Closed,650.512
1-737325748,Closed,650.135
1-737325771,Closed,650.115
1-737325862,Closed,648.686
1-737328948,Closed,95.139
1-737329733,Closed,637.671
1-737329817,Closed,730.578
1-737332116,Closed,50.553
1-737332328,Closed,41.802
1-737333497,In Call,1.731
1-737333735,In Call,0.229
1-737336647,In Call,0.11
1-737336773,Closed,898.696
1-737336823,Closed,115.558
1-737338118,Closed,1.901
1-737338361,In Call,0.237
1-737338414,Closed,639.917
1-737343221,Closed,38.581
1-737344518,In Call,0.763
1-737344545,Closed,638.211
1-737345189,Closed,644.964
1-737346077,Closed,729.537
1-737346121,In Call,0.81
1-737346151,Closed,641.647
1-737346628,In Call,0.313
1-737346787,Closed,894.401
1-737349941,Closed,83.958
1-737350346,In Call,0.317
1-737352031,Closed,121.419
1-737352098,In Call,1.733
1-737352798,Closed,200.255
1-737354015,Closed,636.976
1-737354231,Closed,288.258
1-737354352,In Call,0.889
1-737354703,Closed,885.657
1-737356205,Closed,113.665
1-737356353,Closed,799.676
1-737357037,In Call,0.742
1-737357164,Closed,612.503
1-737357241,Closed,115.124
1-737357381,In Call,3.542
1-737357480,In Call,0.48
1-737357973,Closed,636.81
1-737358255,In Call,0.043
1-737358628,Closed,1143.404
1-737358636,In Call,0.143
1-737358668,Closed,632.579
1-737358716,In Call,0.328
1-737362880,In Call,0.115
1-737362993,Closed,898.002
1-737363021,In Call,0.063
1-737363086,In Call,0.128
1-737363211,Closed,30.408
1-737367061,Closed,117.128
1-737367369,Closed,110.153
1-737369385,In Call,0.443
1-737370197,Closed,200.229
1-737370205,Closed,113.681
1-737370531,Closed,882.664
1-737370789,In Call,0.137
1-737371071,Closed,115.148
1-737371245,Closed,113.673
1-737372105,Closed,113.69
1-737375055,In Call,0.801
1-737375093,Closed,1145.918
1-737375185,In Call,2.061
1-737378014,Closed,200.501
1-737378070,Closed,890.853
1-737378916,In Call,0.671
1-737378992,In Call,0.207
1-737379081,Closed,803.127
1-737379287,In Call,10.551
1-737380081,Closed,1096.511
1-737380122,Closed,663.208
1-737380131,Closed,662.739
1-737380211,Closed,746.914
1-737380241,Closed,659.023
1-737380431,Closed,654.347
1-737380491,Closed,652.151
1-737380561,Closed,651.139
1-737380876,Closed,813.806
1-737381168,In Call,0.672
1-737381379,Closed,17.47
1-737381411,Closed,17.469
1-737384056,Closed,100.101
1-737384431,In Call,19.547
1-737384546,In Call,445.45
1-737385150,In Call,1.373
1-737385451,Resolved,1162.348
1-737385490,In Call,0.09
1-737390124,Closed,189.88
1-737390796,Closed,685.843
1-737390851,Closed,79.72
1-737392642,In Call,0.439
1-737392781,Closed,66.592
1-737392833,Closed,670.502
1-737393064,In Call,0.163
1-737393224,In Call,0.592
1-737393285,Closed,106.092
1-737393684,Closed,186.37
1-737394100,In Call,1.156
1-737400987,In Call,12.02
1-737405175,Closed,616.732
1-737405436,Closed,613.742
1-737405484,Closed,613.04
1-737406217,Closed,679.911
1-737406804,Closed,660.459
1-737406827,Closed,661.199
1-737406980,In Call,0.371
1-737407112,In Call,0.102
1-737410701,Closed,62.737
1-737410973,Closed,787.057
1-737411861,Closed,668.525
1-737413975,Closed,5.466
1-737414629,Closed,1701.602
1-737421303,Closed,1723.126
1-737421721,Closed,665.575
1-737421911,Closed,608.822
1-737422330,Closed,86.455
1-737422559,Closed,690.093
1-737422740,Closed,82.847
1-737422819,Closed,686.954
1-737422898,Closed,686.22
1-737425019,In Call,437.124
1-737460077,Closed,1118.14
1-737460186,Closed,682.557
1-737460240,Closed,74.51
1-737460260,Closed,1715.39
1-737460300,In Call,81.48
1-737460373,Closed,843.57
1-737460436,Closed,662.833
1-737460454,In Call,74.992
1-737460481,In Call,0.235
1-737460749,Closed,836.848
1-737460825,Closed,663.963
1-737461013,In Call,0.594
1-737461181,In Call,4.871
1-737461703,In Call,4.132
1-737461747,In Call,0.798
1-737461955,Closed,685.63
1-737462440,Closed,681.159
1-737462627,Closed,678.738
1-737462837,Closed,676.1
1-737464075,In Call,0.255
1-737464558,Closed,667.04
1-737464711,Closed,665.461
1-737464766,Closed,58.799
1-738144182,Closed,1178.138
1-738144221,In Call,0.506
1-738144681,In Call,1.28
1-738144751,Closed,55.187
1-738145941,Closed,1107.457
1-738145960,In Call,0.437
1-738146249,Closed,670.978
1-738146352,Closed,670.708
1-738146459,Closed,0.179
1-738146770,Closed,579.986
1-738146991,Closed,67.893
1-738147151,Closed,66.613
1-738147262,Closed,669.484
1-738147414,Closed,1705.27
1-738148163,In Call,0.078
1-738148271,In Call,0.324
1-738148308,In Call,0.423
1-738149182,In Call,0.364
1-738149231,In Call,0.268
1-738149241,In Call,0.5
1-738149466,Closed,661.512
1-738149711,Closed,660.454
1-738150329,Closed,668.708
1-738150471,Closed,667.382
1-738150611,Closed,752.799
1-738150892,Closed,663.266
1-738153171,In Call,0.678
1-738153345,Closed,230.822
1-738153732,Closed,661.093
1-738155192,Closed,667.305
1-738155318,Closed,667.194
1-738155344,Closed,667.031
1-738155391,Closed,666.862
1-738156022,In Call,1.04
1-738156251,Closed,665.322
1-738156273,Closed,58.149
1-738156778,Closed,661.773
1-738156956,Closed,667.33
1-738157101,Closed,751.667
1-738157291,Closed,663.085
1-738157446,Closed,662.328
1-738162101,Closed,7.037
1-738162172,In Call,0.353
1-738162558,In Call,1.505
1-738162756,In Call,0.206
1-738162969,Closed,60.45
1-738163053,Closed,578.459
1-738163074,Closed,59.166
1-738163259,In Call,0.112
1-738163385,Closed,488.512
1-738163451,In Call,0.342
1-738163587,Closed,1094.186
1-738163862,Closed,660.572
1-738165181,Closed,516.133
1-738165770,In Call,1.407
1-738165808,In Call,0.316
1-738166908,Closed,146.319
1-738167039,Closed,664.009
1-738167238,Closed,661.714
1-738167409,In Call,1.254
1-738167982,In Call,0.07
1-738168011,Closed,145.61
1-738168201,In Call,0.208
1-738168248,Closed,56.905
1-738177301,Closed,1095.486
1-738177411,Closed,662.421
1-738177479,Closed,661.586
1-738177601,Closed,661.365
1-738183837,Closed,660.399
1-738188182,Closed,662.08
1-738188290,In Call,3.779
1-738188635,Closed,104.912
1-738188705,Closed,659.507
1-738189611,Closed,745.912
1-738189892,In Call,1.313
1-738190091,Closed,736.549
1-738190671,Closed,916.226
1-738194008,In Call,0.197
1-738194126,In Call,0.341
1-738194191,Closed,55.7
1-738194668,In Call,0.561
1-738194676,Closed,658.942
1-738197008,Closed,661.445
1-738197348,Closed,832.624
1-738197394,Closed,53.682
1-738197417,Closed,658.784
1-738197819,Closed,655.925
1-738199908,Closed,662.176
1-738201299,Closed,661.043
1-738201343,Closed,660.845
1-738201417,Closed,660.351
1-738201451,Closed,660.229
1-738201468,Closed,659.96
1-738203329,Closed,747.884
1-738203467,In Call,0.22
1-738212654,In Call,0.329
1-738212849,Closed,745.23
1-738218136,Closed,659.573
1-738218723,In Call,0.262
1-738220469,In Call,1.52
1-738220637,Closed,658.968
1-738221024,Closed,187.897
1-738221393,In Call,1.52
1-738222760,Closed,657.914
1-738226136,In Call,4.549
1-738226896,In Call,0.411
1-738229421,Closed,225.874
1-738229673,Closed,52.024
1-738230273,In Call,0.324
1-738231394,Closed,741.268
1-738233069,In Call,0.535
1-738233197,In Call,0.421
1-738233339,Closed,484.712
1-738233715,In Call,0.648
1-738235971,Closed,832.711
1-738236279,Closed,658.086
1-738238024,Closed,746.553
1-738238217,Closed,658.043
1-738238752,Closed,658.005
1-738240004,In Call,1.401
1-738240917,Closed,2.025
1-738240944,Closed,658.314
1-738241278,Closed,659.379
1-738241583,In Call,0.219
1-738241691,Closed,658.884
1-738241731,Closed,226.24
1-738241829,Closed,658.139
1-738241883,Closed,1176.98
1-738242083,Closed,53.621
1-738242256,In Call,0.555
1-738242503,Closed,658.424
1-738242595,Closed,657.775
1-738242639,Closed,1176.824
1-738244261,Closed,658.262
1-738244277,In Call,0.101
1-738244385,Closed,43.501
1-738244419,Closed,656.768
1-738244623,Closed,223.182
1-738244679,Closed,654.251
1-738244697,Closed,654.01
1-738244815,Closed,654.231
1-738244841,Closed,654.337
1-738247053,Closed,657.987
1-738247330,In Call,1.159
1-738247423,Closed,656.308
1-738247666,In Call,0.422
1-738260024,In Call,3.637
1-738260156,Closed,657.671
1-738260464,Closed,656.36
1-738263211,Closed,657.598
1-738263240,In Call,0.282
1-738263316,In Call,0.407
1-738263602,Closed,654.545
1-738270547,In Call,0.316
1-738270724,Closed,654.01
1-738270755,Closed,1.732
1-738270991,Closed,657.777
1-738271151,Closed,830.278
1-738271384,In Call,0.283
1-738273642,Closed,741.762
1-738274210,Closed,657.837
1-738274290,In Call,1.718
1-738274604,Closed,571.011
1-738275938,In Call,7.736
1-738276099,Closed,134.956
1-738276201,Closed,829.92
1-738276931,In Call,0.317
1-738277328,In Call,0.35
1-738277334,Closed,137.324
1-738277423,Closed,482.617
1-738280993,Closed,656.761
1-738281185,In Call,12.586
1-738281200,Closed,655.306
1-738281209,Closed,741.707
1-738281268,Closed,654.955
1-738281721,In Call,3.683
1-738281901,Closed,657.56
1-738282694,In Call,0.334
1-738286832,Closed,655.452
1-738288901,Closed,656.867
1-738289102,Closed,742.494
1-738289146,In Call,4.88
1-738290791,In Call,0.529
1-738291533,Closed,654.493
1-738297251,Closed,654.969
1-738297782,In Call,0.474
1-738304345,Closed,1086.547
1-738304751,Closed,652.425
1-738304796,Closed,651.97
1-738314138,Closed,135.19
1-738314403,Closed,48.158
1-738316993,Closed,654.341
1-738317005,Closed,654.337
1-738317017,Closed,654.335
1-738317029,Closed,741.163
1-738317181,Closed,653.544
1-738317240,Closed,653.151
1-738317366,Closed,652.202
1-738317421,Closed,652.031
1-738317432,Closed,652.03
1-738317535,Closed,651.652
1-738317569,Closed,651.378
1-738317604,Closed,650.973
1-738317813,Closed,648.745
1-738317999,Closed,1173.447
1-738318027,Closed,654.537
1-738318143,Closed,654.356
1-738318453,Closed,739.714
1-738318481,Closed,739.558
1-738321106,In Call,1.29
1-738321117,Closed,652.523
1-738321387,In Call,2.29
1-738321474,In Call,0.885
1-738321581,In Call,0.309
1-738321806,Closed,646.244
1-738322066,In Call,0.997
1-738328020,Closed,480.84
1-738328062,In Call,0.81
1-738328254,Closed,134.554
1-738330933,In Call,0.502
1-738330946,In Call,0.858
1-738331277,Closed,826.283
1-738331603,Closed,46.121
1-738331831,Closed,651.514
1-738333085,In Call,0.898
1-738333460,Closed,645.961
1-738333682,Closed,651.807
1-738333818,Closed,1083.165
1-738337103,Closed,47.987
1-738337231,In Call,2.311
1-738337500,Closed,651.517
1-738337705,In Call,0.533
1-738339986,Closed,474.491
1-738340115,Closed,651.425
1-738340150,Closed,653.083
1-738340190,In Call,0.192
1-738340259,Closed,1690.413
1-738340653,Closed,124.543
1-738340840,Closed,649.281
1-738343349,In Call,0.478
1-738343461,Closed,739.472
1-738343995,In Call,1.915
1-738344321,Closed,651.345
1-738344686,In Call,0.388
1-738345132,In Call,1.412
1-738345399,In Call,1.223
1-738346954,Closed,653.573
1-738347135,In Call,0.466
1-738347413,In Call,1.765
1-738350213,In Call,0.273
1-738350692,Closed,1082.522
1-738353084,Closed,565.812
1-738354093,Closed,652.161
1-738366108,Closed,651.309
1-738366262,In Call,0.724
1-738367041,Closed,819.868
1-738367116,Closed,644.348
1-738367261,Closed,727.822
1-738367341,Closed,34.589
1-738367351,Closed,726.797
1-738367361,Closed,679.561
1-738367441,Closed,725.088
1-738367721,Closed,1140.381
1-738367861,Closed,1011.715
1-738370239,In Call,0.563
1-738370362,Closed,736.551
1-738370427,In Call,1.138
1-738370559,Closed,638.344
1-738372798,Closed,650.639
1-738372902,In Call,0.347
1-738372944,Closed,2.177
1-738373106,In Call,0.243
1-738373131,In Call,0.943
1-738374940,Closed,650.788
1-738375076,In Call,0.045
1-738375106,In Call,0.068
1-738375446,Closed,734.749
1-738378686,Closed,651.257
1-738378721,In Call,0.039
1-738378749,In Call,0.588
1-738383119,In Call,0.476
1-738383986,Closed,738.066
1-738384944,In Call,0.398
1-738385539,Closed,129.947
1-738387460,In Call,0.108
1-738387528,Closed,650.03
1-738387566,Closed,560.84
1-738388171,Closed,650.533
1-738388294,In Call,0.191
1-738391905,Closed,45.511
1-738392288,In Call,1.07
1-738392825,Closed,127.507
1-738397729,In Call,0.375
1-738397839,Closed,646.848
1-738397843,Closed,733.129
1-738400168,Closed,649.701
1-738400346,In Call,0.417
1-738400723,Closed,422.889
1-738408245,In Call,0.063
1-738408281,Closed,736.52
1-738408481,In Call,0.921
1-738408509,Closed,1166.609
1-738410373,Closed,732.372
1-738414999,Closed,818.573
1-738415019,Closed,1081.997
1-738415093,In Call,0.591
1-738417596,In Call,0.356
1-738419176,Closed,561.738
1-738419847,In Call,0.575
1-738427970,Closed,648.433
1-738433574,In Call,0.495
1-738436118,In Call,0.336
1-738436463,Closed,732.121
1-738436701,In Call,1.156
1-738436890,In Call,2.207
1-738436894,Closed,816.475
1-738438917,Closed,647.948
1-738438941,Closed,647.88
1-738439047,Closed,646.866
1-738439436,Closed,644.722
1-738439635,Closed,643.526
1-738444926,Closed,2.062
1-738448428,In Call,0.664
1-738448778,Closed,1681.73
1-738452363,In Call,0.422
1-738453955,In Call,102.928
1-738454452,Closed,731.401
1-738454500,In Call,0.179
1-738454571,Closed,644.456
1-738454698,In Call,0.183
1-738455603,Closed,38.701
1-738455929,Closed,429.837
1-738456418,Closed,644.064
1-738456506,Closed,641.636
1-738456564,In Call,0.167
1-738457041,Closed,646.524
1-738457257,In Call,0.848
1-738457311,Closed,644.69
1-738457409,In Call,3.678
1-738457541,In Call,1.842
1-738458072,In Call,1.149
1-738458373,Closed,643.836
1-738458851,In Call,0.792
1-738462631,In Call,0.607
1-738464905,Closed,168.002
1-738464951,Closed,1075.463
1-738465221,Closed,648.508
1-738465511,Resolved,1006.048
1-738465732,Resolved,942.186
1-738473411,Closed,731.121
1-738475211,Closed,39.08
1-738475287,Closed,38.893
1-738475333,Closed,38.761
1-738475757,Closed,1159.792
1-738475827,Closed,122.161
1-738477002,In Call,0.499
1-738477121,Closed,644.612
1-738477325,Closed,1076.168
1-738477691,Closed,36.543
1-738479512,In Call,0.388
1-738479589,In Call,0.694
1-738481907,Closed,644.147
1-738482471,Closed,643.13
1-738482493,Closed,643.09
1-738482595,In Call,0.377
1-738482680,In Call,0.451
1-738482846,Closed,35.677
1-738490180,Closed,642.508
1-738490777,Closed,123.394
1-738490989,In Call,0.455
1-738491229,Closed,554.752
1-738491604,In Call,0.493
1-738491844,Closed,67.565
1-738491981,Closed,644.027
1-738495608,Closed,813.346
1-738495737,In Call,0.303
1-738496476,In Call,0.592
1-738496584,Closed,122.682
1-738496653,Closed,123.179
1-738496931,Closed,125.018
1-738496977,Closed,36.947
1-738499184,Closed,123.205
1-738499191,In Call,1.195
1-738499306,Closed,1073.541
1-738499316,In Call,1.797
1-738499557,In Call,0.333
1-738499841,In Call,0.512
1-738501549,Closed,643.198
1-738503076,In Call,8.583
1-738503382,Closed,122.039
1-738506442,Closed,634.64
1-738506787,In Call,0.624
1-738508437,Closed,123.415
1-738510133,In Call,0.063
1-738515627,Closed,208.868
1-738516564,In Call,0.545
1-738516871,In Call,1.015
1-738516914,In Call,0.228
1-738516968,Closed,728.474
1-738517299,In Call,0.198
1-738517684,In Call,0.573
1-738517788,In Call,0.087
1-738517873,Closed,812.394
1-738519974,Closed,641.961
1-738520011,Closed,641.88
1-738520313,Closed,641.184
1-738520406,Closed,1678.352
1-738520439,In Call,0.427
1-738520660,In Call,75.173
1-738521200,Closed,726.981
1-738521237,In Call,0.497
1-738521302,Closed,640.066
1-738521380,Closed,639.52
1-738521720,In Call,0.185
1-738521961,Closed,632.751
1-738521971,Closed,666.506
1-738522011,Closed,1085.274
1-738522051,Closed,642.644
1-738522111,Closed,1008.453
1-738527048,Closed,640.964
1-738527073,Closed,640.797
1-738527216,Closed,640.595
1-738527413,In Call,0.06
1-738527447,Closed,726.4
1-738527582,Closed,34.25
1-738527646,In Call,0.083
1-738527854,In Call,0.14
1-738527884,In Call,0.133
1-738527972,Closed,641.24
1-738528086,Closed,639.515
1-738528156,Closed,638.872
1-738528238,Closed,637.961
1-738528261,Closed,637.933
1-738528273,Closed,637.927
1-738528285,Closed,637.81
1-738528364,Closed,724.493
1-738530454,Closed,553.058
1-738530474,Closed,118.316
1-738530767,Closed,32.797
1-738530967,Closed,638.81
1-738531119,Closed,637.416
1-738531189,Closed,637.809
1-738531727,Closed,635.618
1-738532339,Closed,640.282
1-738536943,Closed,35.165
1-738537099,Closed,34.821
1-738537252,Closed,639.618
1-738537278,In Call,0.089
1-738537776,Closed,723.973
1-738537801,Closed,31.891
1-738538552,Closed,812.565
1-738538961,In Call,0.05
1-738539084,In Call,0.111
1-738539178,Closed,812.523
1-738539195,Closed,121.288
1-738539201,Closed,639.992
1-738539226,In Call,0.938
1-738539429,Closed,639.147
1-738539437,In Call,0.112
1-738539654,Closed,724.824
1-738540584,Resolved,157.343
1-738545884,In Call,1.705
1-738550941,Closed,726.622
1-738551071,Closed,724.368
1-738551101,Closed,636.949
1-738551371,Closed,701.202
1-738551391,Closed,612.569
1-738551401,Closed,612.109
1-738551471,Closed,58.228
1-738551761,Closed,1088.451
1-738551821,Closed,136.272
1-738552941,Closed,640.008
1-738553017,In Call,0.452
1-738553104,Closed,1158.365
1-738554264,Closed,639.17
1-738554633,In Call,0.043
1-738558134,In Call,0.081
1-738558802,In Call,0.964
1-738565236,In Call,0.039
1-738568376,Closed,1069.283
1-738568447,In Call,2.617
1-738568885,In Call,0.489
1-738570563,Closed,637.436
1-738570957,Closed,120.273
1-738571077,In Call,0.32
1-738576968,In Call,1.716
1-738577532,Closed,636.299
1-738577621,Closed,204.087
1-738583102,In Call,0.68
1-738583226,Closed,1069.787
1-738583295,In Call,0.246
1-738583478,In Call,0.612
1-738584361,In Call,0.584
1-738590073,Closed,638.388
1-738590475,Closed,203.782
1-738590784,In Call,0.475
1-738597213,Closed,636.298
1-738597351,In Call,0.513
1-738597366,In Call,13.651
1-738597762,In Call,0.068
1-738599007,Closed,118.207
1-738599761,In Call,0.432
1-738599835,Closed,116.985
1-738603537,Closed,724.148
1-738603541,In Call,2.77
1-738611143,Closed,637.183
1-738611833,Closed,29.605
1-738612035,In Call,0.066
1-738612308,In Call,0.078
1-738612826,Closed,630.768
1-738614001,In Call,0.376
1-738614545,Closed,721.616
1-738619065,Closed,117.285
1-738619754,In Call,0.715
1-738621341,In Call,0.676
1-738621675,Closed,633.786
1-738626037,In Call,0.116
1-738626064,In Call,0.371
1-738631187,In Call,0.077
1-738631210,In Call,0.074
1-738631826,In Call,0.574
1-738646578,In Call,0.832
1-738646617,Closed,806.966
1-738647875,Resolved,151.8
1-738649042,In Call,0.563
1-738649250,Closed,28.6
1-738649666,Closed,114.884
1-738650039,In Call,0.509
1-738650581,In Call,0.408
1-738651744,In Call,0.481
1-738651887,Closed,198.826
1-738657434,Closed,721.159
1-738662715,Closed,195.993
1-738662979,Closed,634.13
1-738663482,Closed,632.927
1-738663505,In Call,0.368
1-738663628,In Call,0.191
1-738663708,In Call,1.05
1-738667704,Closed,630.478
1-738670491,In Call,67.991
1-738679561,Closed,631.987
1-738679620,In Call,0.335
1-738681010,Closed,633.335
1-738681199,Closed,25.72
1-738681272,Closed,25.634
1-738681401,Closed,1668.685
1-738681449,Closed,708.788
1-738681670,Closed,626.932
1-738684740,In Call,0.232
1-738686730,Closed,627.458
1-738691002,In Call,0.701
1-738691316,Closed,24.355
1-738693957,In Call,0.546
1-738693992,In Call,0.574
1-738694049,In Call,0.842
1-738694070,Closed,24.587
1-738694284,Closed,715.053
1-738694525,Closed,625.811
1-738699103,In Call,0.359
1-738699397,In Call,1.272
1-738699585,Closed,194.603
1-738706340,In Call,0.284
1-738706476,Closed,20.763
1-738707985,Closed,196.593
1-738708751,Resolved,1063.688
1-738710058,In Call,0.373
1-738710108,Closed,197.155
1-738710252,Closed,714.831
1-738710468,In Call,0.581
1-738710885,Closed,622.455
1-738711202,In Call,0.137
1-738712122,In Call,0.654
1-738712252,In Call,1.153
1-738712286,Closed,22.538
1-738712368,Closed,626.805
1-738712653,Closed,624.762
1-738712831,Closed,1056.272
1-738713947,In Call,0.508
1-738714200,In Call,0.413
1-738714351,Closed,628.485
1-738714382,Closed,628.373
1-738715158,Closed,110.543
1-738715700,In Call,0.419
1-738716399,Closed,17.805
1-738716521,Closed,104.765
1-738717221,Closed,717.223
1-738720324,Closed,626.921
1-738723725,Closed,439.762
1-738725061,Closed,628.632
1-738725241,Closed,22.298
1-738725300,Closed,1146.372
1-738731060,In Call,0.606
1-738731061,Closed,109.214
1-738731246,Closed,714.081
1-738731297,In Call,0.642
1-738731421,In Call,1.203
1-738731827,Closed,103.068
1-738753886,Closed,93.272
1-738762049,In Call,0.213
1-738762222,Closed,793.945
1-738762261,In Call,1.668
1-738762640,Closed,698.189
1-738762719,Closed,777.233
1-738762760,In Call,0.603
1-738762851,Closed,684.784
1-738763461,Closed,705.329
1-738763507,In Call,0.281
1-738763744,In Call,0.016
1-738763827,In Call,0.289
1-738764410,Closed,703.356
1-738767258,Closed,619.727
1-738767478,Closed,618.083
1-738767889,Closed,614.566
1-738768673,Closed,1140.72
1-738768721,Closed,188.739
1-738768810,Closed,618.782
1-738768835,Closed,618.628
1-738771023,In Call,0.214
1-738776109,Closed,707.237
1-738776153,Closed,620.214
1-738776205,Closed,706.469
1-738776349,Closed,169.841
1-738776358,Closed,703.415
1-738776597,Closed,615.906
1-738776601,Closed,167.312
1-738778171,In Call,0.48
1-738778441,In Call,0.277
1-738779507,Closed,444.764
1-738779566,Closed,617.309
1-738779582,Closed,184.536
1-738779776,Closed,8.077
1-738780927,In Call,0.785
1-738781037,In Call,0.071
1-738787123,In Call,0.224
1-738787239,In Call,0.422
1-738787531,In Call,0.245
1-738787635,In Call,1.628
1-738787672,Closed,614.537
1-738787748,In Call,1.946
1-738787828,Closed,613.11
1-738796063,Closed,616.627
1-738799041,In Call,0.238
1-738799172,In Call,2.143
1-738799869,Closed,693.368
1-738799904,In Call,0.661
1-738800181,Closed,10.608
1-738800919,In Call,0.612
1-738801412,Closed,697.624
1-738801466,Closed,91.341
1-738801530,Closed,91.2
1-738801578,Closed,90.711
1-738801740,Closed,89.766
1-738801992,Closed,697.792
1-738808026,Closed,1133.689
1-738808591,Closed,692.804
1-738808715,Closed,83.29
1-738808785,Closed,774.589
1-738809719,In Call,0.967
1-738809757,Closed,1623.392
1-738809852,Closed,64.919
1-738812107,Closed,613.71
1-738812220,Closed,612.877
1-738812312,Closed,612.057
1-738817868,In Call,0.393
1-738819609,Closed,667.507
1-738819777,Closed,665.759
1-738819885,Closed,665.228
1-738820251,Closed,679.604
1-738821511,In Call,0.058
1-738821640,In Call,2.71
1-738827072,In Call,0.016
1-738827939,In Call,0.195
1-738827966,In Call,0.159
1-738828122,Closed,771.757
1-738828162,In Call,0.324
1-738828335,Closed,692.255
1-738847050,Closed,693.669
1-738847319,Closed,691.38
1-738847366,Closed,690.576
1-738847446,Closed,690.131
1-738847539,Closed,689.392
1-738848305,Closed,687.747
1-738848553,Closed,672.797
1-738871007,In Call,0.179
1-738894209,Closed,764.839
1-738894279,Closed,764.558
1-738894462,Closed,759.838
1-738894680,Closed,672.098
1-738894699,Closed,671.973
1-738894740,Closed,662.918
1-738894830,In Call,2.928
1-738895171,Closed,683.364
1-738895240,Closed,77.064
1-738895263,Closed,77.027
1-738895309,Closed,76.681
1-738895332,Closed,76.313
1-738895446,Closed,681.511
1-738895517,Closed,681.286
1-738896811,Closed,60.672
1-738897371,Closed,491.344
1-738897791,In Call,0.453
1-739162983,Closed,670.089
1-739163093,Closed,737.716
1-739163726,Closed,390.507
1-739167698,In Call,0.636
1-739174291,Closed,673.164
1-739174396,Closed,671.854
1-739174477,Closed,65.014
1-739174798,Closed,668.979
1-739176818,In Call,0.367
1-739177647,Closed,747.146
1-739177687,Closed,749.305
1-739180313,Closed,1000.783
1-739181083,In Call,0.025
1-739181320,Closed,664.051
1-739181358,In Call,0.424
1-739181465,In Call,0.041
1-739181511,Closed,663.331
1-739181621,In Call,0.146
1-739181713,In Call,0.3
1-739181772,Closed,661.857
1-739181888,In Call,0.348
1-739182980,Closed,670.457
1-739183035,In Call,0.847
1-739183104,Closed,668.97
1-739183363,Closed,667.676
1-739183648,Closed,664.234
1-739183718,Closed,1009.643
1-739183857,In Call,0.304
1-739186199,In Call,3.19
1-739186611,Closed,665.956
1-739187909,Closed,1706.004
1-739187981,In Call,6.182
1-739188040,Closed,753.778
1-739188082,Closed,345.88
1-739188103,Closed,407.098
1-739188251,In Call,0.683
1-739188524,Closed,661.632
1-739194931,In Call,0.077
1-739195237,In Call,0.236
1-739195333,In Call,0.128
1-739195617,In Call,0.208
1-739195932,Closed,752.555
1-739196391,Closed,663.231
1-739196881,Closed,1006.512
1-739196935,In Call,0.482
1-739196972,Closed,342.599
1-739197153,Closed,1096.026
1-739197171,In Progress,977.698
1-739197225,In Call,0.263
1-739197381,In Call,0.393
1-739197517,Closed,662.427
1-739197726,Closed,55.024
1-739198266,Closed,664.229
1-739198301,Closed,57.809
1-739198448,Closed,661.674
1-739198494,Closed,661.081
1-739198845,Closed,659.72
1-739198891,Closed,659.555
1-739199944,In Call,1.045
1-739199989,Closed,748.296
1-739200231,Closed,662.713
1-739200253,In Call,7.51
1-739200411,Closed,661.935
1-739200627,In Call,0.151
1-739203256,Closed,661.848
1-739204106,Closed,665.238
1-739204484,In Call,0.24
1-739204551,In Call,0.892
1-739204750,Closed,661.992
1-739208465,Closed,400.299
1-739211463,In Call,0.788
1-739211762,In Call,1.815
1-739211858,In Call,0.792
1-739212961,Closed,664.705
1-739213210,Closed,662.663
1-739213369,Closed,655.678
1-739213460,In Call,0.458
1-739213508,Closed,659.693
1-739213621,Closed,746.215
1-739216265,Closed,750.547
1-739216287,Closed,664.19
1-739216604,In Call,0.138
1-739216822,Closed,662.431
1-739220124,Closed,662.315
1-739220334,Closed,661.545
1-739220446,Closed,487.785
1-739220491,Closed,661.003
1-739220849,Closed,655.148
1-739224771,Closed,54.85
1-739224951,Closed,1093.448
1-739225152,Closed,655.862
1-739225301,Closed,737.677
1-739225371,Closed,44.027
1-739225381,Closed,734.112
1-739225421,Closed,645.379
1-739225471,Closed,730.829
1-739225511,Closed,643.575
1-739225681,Closed,378.749
1-739225781,Closed,722.247
1-739227089,Closed,57.451
1-739227205,Closed,1008.34
1-739227536,Closed,1002.9
1-739227685,In Call,0.153
1-739227746,Closed,573.659
1-739228215,Resolved,1045.198
1-739228832,Closed,659.318
1-739248260,Closed,660.841
1-739248286,Closed,660.496
1-739248306,In Call,0.287
1-739248533,Closed,654.206
1-739253989,Closed,1006.045
1-739254151,In Call,11.912
1-739254451,In Call,426.487
1-739254688,Closed,484.71
1-739254726,Closed,658.381
1-739259873,Closed,646.428
1-739262291,In Call,0.291
1-739262438,In Call,0.347
1-739262665,In Call,0.539
1-739265109,In Call,0.211
1-739265120,In Call,0.679
1-739265473,In Call,1.036
1-739265513,Closed,658.006
1-739265528,In Call,0.284
1-739269022,Closed,486.991
1-739269256,Closed,745.297
1-739269929,Closed,1611.098
1-739270964,In Call,0.842
1-739271131,In Call,0.538
1-739271360,Closed,658.237
1-739271710,In Call,0.672
1-739274179,Closed,655.294
1-739274255,Closed,658.357
1-739277029,Closed,53.483
1-739277162,In Call,2.131
1-739277436,In Call,1.446
1-739278981,Closed,1005.301
1-739279794,Closed,656.983
1-739279860,In Call,0.162
1-739285066,Closed,657.935
1-739285078,Closed,657.713
1-739285389,Closed,656.022
1-739285714,Closed,654.334
1-739285782,Closed,652.489
1-739285827,Closed,651.704
1-739288970,In Call,0.563
1-739289054,In Call,2.35
1-739289621,In Call,0.188
1-739289797,Closed,999.017
1-739292088,Closed,658.055
1-739292748,Closed,655.3
1-739292794,In Call,0.432
1-739292964,Closed,743.781
1-739293161,In Call,0.032
1-739293771,Closed,655.436
1-739293904,Resolved,455.285
1-739293953,Closed,744.127
1-739293969,In Call,0.529
1-739294850,In Call,0.54
1-739300131,In Call,0.595
1-739302171,In Call,0.611
1-739302508,In Call,0.217
1-739302600,Closed,738.714
1-739302606,Closed,652.267
1-739302829,In Call,0.435
1-739302963,Closed,657.726
1-739303432,Closed,655.009
1-739303561,Closed,741.403
1-739303729,Closed,653.865
1-739306677,Closed,654.996
1-739306691,Closed,655.068
1-739307733,Closed,742.444
1-739309009,Closed,997.706
1-739309506,Closed,655.352
1-739314128,Closed,1088.027
1-739322229,In Call,0.401
1-739322475,In Call,0.379
1-739323166,Closed,655.188
1-739323183,In Call,0.295
1-739323230,In Call,5.182
1-739323632,Closed,652.735
1-739323701,Closed,47.083
1-739323763,Closed,46.765
1-739328064,Closed,136.757
1-739328341,Closed,655.048
1-739328505,In Call,0.159
1-739328801,Closed,653.134
1-739328861,Closed,652.942
1-739331316,In Call,0.277
1-739331380,Closed,740.233
1-739331526,In Call,0.788
1-739331663,In Call,0.422
1-739332421,Closed,654.515
1-739332648,Closed,47.769
1-739332905,Closed,653.034
1-739333355,In Call,1.038
1-739333451,Closed,133.518
1-739335621,Closed,652.117
1-739336061,Closed,655.616
1-739336265,Closed,652.338
1-739336372,Closed,654.351
1-739336702,In Call,0.548
1-739337097,Closed,655.266
1-739337228,Closed,740.481
1-739337506,Closed,653.956
1-739337655,In Call,0.204
1-739337854,In Call,0.273
1-739345104,In Call,0.174
1-739345164,Closed,653.898
1-739345210,Closed,653.047
1-739345531,Closed,652.756
1-739348508,Closed,653.068
1-739349379,In Call,0.153
1-739349475,Closed,46.469
1-739349711,Closed,997.344
1-739349863,In Call,0.062
1-739357167,Closed,653.03
1-739357777,Closed,681.844
1-739357804,Closed,646.128
1-739359194,Closed,739.252
1-739359372,Closed,652.464
1-739366616,Closed,652.872
1-739366778,Closed,651.916
1-739366817,Closed,995.292
1-739368865,In Call,0.962
1-739371462,In Call,0.248
1-739371600,In Call,0.131
1-739377921,Closed,648.808
1-739378061,Closed,646.941
1-739378081,Closed,642.839
1-739378101,Closed,640.2
1-739383977,Closed,652.111
1-739384114,In Call,0.831
1-739384172,Closed,651.849
1-739384226,In Call,0.11
1-739384308,Closed,651.26
1-739384346,Closed,650.562
1-739385055,Closed,42.869
1-739385313,Closed,650.535
1-739385364,Closed,650.279
1-739388907,Closed,652.803
1-739389869,Closed,45.691
1-739390870,In Call,0.722
1-739394387,In Call,0.341
1-739399014,In Call,1.893
1-739399169,In Call,1.321
1-739399352,Closed,131.325
1-739399747,Closed,993.658
1-739401942,Closed,648.447
1-739402068,Closed,647.977
1-739402293,Closed,44.522
1-739402947,In Call,0.351
1-739402983,In Call,0.136
1-739403163,In Call,0.34
1-739405946,Closed,649.628
1-739406031,Closed,737.248
1-739406770,In Call,0.474
1-739407437,Closed,650.529
1-739408907,Closed,650.959
1-739409205,Closed,649.018
1-739409252,Closed,648.632
1-739409937,In Call,0.62
1-739411408,Closed,991.425
1-739411762,In Call,2.312
1-739411822,Closed,730.112
1-739412435,Closed,130.927
1-739412499,Closed,68.104
1-739413212,Closed,648.911
1-739413403,Closed,43.062
1-739415217,Closed,733.502
1-739415526,Resolved,419.708
1-739415839,In Call,0.015
1-739415859,Closed,644.89
1-739415952,In Call,2.157
1-739416307,In Call,0.346
1-739416349,Closed,648.095
1-739416485,Closed,38.242
1-739416531,Closed,647.084
1-739416641,Closed,646.698
1-739419541,In Call,1.784
1-739419900,Closed,644.098
1-739424259,In Call,0.258
1-739424939,Closed,129.163
1-739424941,Closed,648.531
1-739425131,Closed,35.47
1-739425191,Closed,725.297
1-739425441,Closed,716.922
1-739425641,Closed,92.478
1-739425851,Closed,1003.538
1-739425881,Closed,1520.677
1-739425940,Closed,735.78
1-739426614,In Call,1.053
1-739426850,In Call,1.069
1-739428083,In Call,0.083
1-739432260,Closed,649.24
1-739432326,Closed,649.003
1-739432407,Closed,648.503
1-739432421,Closed,648.716
1-739432551,Closed,647.788
1-739435777,Closed,648.925
1-739435897,In Call,0.521
1-739441055,In Call,0.248
1-739441310,In Call,1.031
1-739441582,In Call,0.235
1-739441613,Closed,61.159
1-739441720,Closed,731.313
1-739443383,Closed,647.032
1-739444121,Closed,647.527
1-739444481,Closed,41.647
1-739444561,In Call,1.161
1-739444791,Closed,645.556
1-739448488,Closed,645.413
1-739449902,In Call,0.403
1-739449951,Closed,647.396
1-739450291,Closed,36.707
1-739452230,Closed,732.023
1-739454164,Closed,645.75
1-739454409,In Call,0.458
1-739457947,Closed,124.815
1-739458918,Closed,646.277
1-739459105,Closed,125.74
1-739459184,Closed,643.536
1-739467311,Closed,645.617
1-739468081,Closed,731.447
1-739468120,Closed,644.297
1-739470439,In Call,7.37
1-739470667,Closed,642.704
1-739471935,Closed,731.871
1-739472317,Closed,1074.845
1-739472361,Closed,37.7
1-739476187,Closed,989.681
1-739476198,Closed,38.898
1-739478911,In Call,0.506
1-739479240,Closed,730.81
1-739479487,In Call,12.783
1-739480593,Closed,122.408
1-739482741,Closed,644.284
1-739482751,Closed,644.208
1-739483614,In Call,0.237
1-739485717,Closed,642.976
1-739488314,Closed,990.348
1-739490488,Closed,644.238
1-739492208,Closed,643.84
1-739492319,In Call,0.451
1-739493262,In Call,0.688
1-739493965,In Call,0.393
1-739494125,Closed,642.875
1-739494148,In Call,0.487
1-739494160,In Call,0.31
1-739494632,Closed,120.353
1-739494693,In Call,0.12
1-739494822,Closed,727.628
1-739497112,In Call,0.305
1-739497125,In Call,0.354
1-739497662,Closed,642.474
1-739506305,Closed,123.003
1-739506338,Closed,728.135
1-739506675,Closed,640.188
1-739506803,Closed,572.812
1-739507475,In Call,2.546
1-739510056,In Call,0.24
1-739510233,Closed,987.437
1-739510294,In Call,4.97
1-739512386,In Call,0.313
1-739512405,In Call,1.027
1-739512554,Closed,725.734
1-739512936,Closed,642.991
1-739513026,Closed,639.563
1-739513131,Closed,642.532
1-739513518,Closed,639.864
1-739513892,In Call,0.92
1-739518367,In Call,0.094
1-739521965,In Call,1.262
1-739522090,In Call,0.482
1-739522113,Closed,32.692
1-739522187,Closed,35.748
1-739522233,Closed,35.463
1-739523198,Closed,641.295
1-739523233,Closed,641.147
1-739523359,Closed,640.482
1-739523929,In Call,0.043
1-739523996,Closed,36.431
1-739524121,In Call,0.666
1-739524515,Closed,466.618
1-739524597,Closed,33.29
1-739524720,Closed,33.152
1-739525350,Closed,641.125
1-739529082,In Call,0.446
1-739529373,Closed,381.024
1-739529384,In Call,0.471
1-739533159,Closed,639.559
1-739533495,In Call,0.34
1-739533713,Closed,723.901
1-739543046,Closed,986.907
1-739548791,In Call,0.754
1-739548838,Closed,724.242
1-739548890,In Call,0.545
1-739551235,In Call,2.184
1-739551491,In Call,0.054
1-739551721,In Call,0.227
1-739552414,In Call,0.365
1-739552585,Closed,639.992
1-739552639,In Call,0.34
1-739552759,Closed,984.321
1-739554287,Closed,639.927
1-739554352,In Call,0.29
1-739556539,Closed,377.427
1-739556701,Closed,120.836
1-739560051,Closed,919.115
1-739566625,Closed,636.985
1-739568230,In Call,0.521
1-739578752,In Call,0.291
1-739581939,In Call,0.148
1-739581976,Closed,33.285
1-739582855,In Call,0.533
1-739587396,Closed,1.763
1-739594564,Closed,119.967
1-739595109,In Call,0.013
1-739595324,In Call,0.016
1-739599194,In Call,0.54
1-739599530,Closed,636.665
1-739599576,Closed,1587.282
1-739599620,Closed,636.162
1-739599651,In Call,0.719
1-739599719,In Call,0.294
1-739599889,In Call,0.534
1-739601503,Closed,637.193
1-739604009,Closed,638.369
1-739604090,Closed,724.169
1-739604102,Closed,637.778
1-739604366,Closed,636.392
1-739604401,Closed,636.048
1-739606147,Closed,982.646
1-739606373,Closed,376.14
1-739606519,In Call,0.12
1-739606890,In Call,0.362
1-739607252,In Call,0.866
1-739609937,In Call,1.405
1-739610135,Closed,637.763
1-739610274,Closed,636.498
1-739610377,Closed,721.885
1-739617397,In Call,0.105
1-739617409,In Call,0.729
1-739626198,Closed,720.273
1-739626471,In Call,0.076
1-739626771,Closed,461.087
1-739626891,Closed,719.559
1-739627646,In Call,0.6
1-739633012,In Call,0.57
1-739634008,Closed,31.813
1-739634136,Closed,636.952
1-739643283,In Call,0.434
1-739643871,In Call,1.209
1-739646546,In Call,0.019
1-739659742,In Call,0.262
1-739659841,Closed,971.974
1-739660774,Closed,542.723
1-739660786,Resolved,444.007
1-739661379,Closed,333.36
1-739661731,Closed,459.403
1-739662177,Closed,636.24
1-739662209,In Call,918.177
1-739663917,Closed,635.033
1-739669611,Closed,67.069
1-739675892,Closed,339.848
1-739687618,Closed,1066.628
1-739688146,In Call,0.367
1-739688374,In Call,0.614
1-739688417,In Call,0.718
1-739688671,In Call,0.856
1-739694952,In Call,12.662
1-739695441,Closed,633.957
1-739695535,Closed,633.134
1-739695743,Closed,719.357
1-739696585,In Call,0.795
1-739696604,In Call,1.4
1-739696745,In Call,0.714
1-739711388,In Call,0.9
1-739711400,In Call,0.753
1-739711714,Closed,627.799
1-739712584,Closed,979.441
1-739712657,In Call,0.528
1-739713264,In Call,0.383
1-739715631,Closed,20.898
1-739716264,Closed,719.055
1-739718009,Closed,1.526
1-739718199,In Call,1.808
1-739718592,Closed,456.584
1-739724947,Closed,715.571
1-739727237,In Call,0.064
1-739727424,In Call,0.079
1-739727450,Resolved,1037.237
1-739727475,Closed,450.012
1-739727821,Closed,627.405
1-739727963,In Call,0.409
1-739728094,Resolved,419.821
1-739728191,Closed,313.215
1-739728703,In Call,0.151
1-739730594,In Call,0.45
1-739732102,In Call,0.597
1-739732831,Closed,101.878
1-739733074,Closed,631.785
1-739733254,In Call,13.706
1-739733298,Closed,716.994
1-739733457,Closed,974.747
1-739733529,In Call,0.118
1-739733771,In Call,0.559
1-739735986,Closed,630.893
1-739736307,Closed,714.52
1-739736479,Closed,713.342
1-739748031,Resolved,432.957
1-739748201,Closed,689.25
1-739748271,Closed,665.277
1-739748431,Closed,1004.052
1-739748513,Closed,652.908
1-739748521,Resolved,344.103
1-739748711,Closed,265.828
1-739748781,Closed,646.215
1-739749117,In Call,1.087
1-739749534,Closed,102.304
1-739749755,Closed,705.523
1-739749802,Closed,705.416
1-739749820,Closed,705.069
1-739750855,Closed,362.223
1-739752851,Closed,535.197
1-739753523,Closed,446.083
1-739753537,Closed,619.12
1-739753548,Closed,445.539
1-739753572,In Call,0.669
1-739753587,Closed,619.059
1-739753804,In Call,0.196
1-739753857,In Call,0.043
1-739765722,In Call,0.647
1-739766431,Closed,623.95
1-739766860,In Call,0.081
1-739768221,In Call,1.151
1-739768281,Closed,105.614
1-739770381,Closed,10.812
1-739771031,In Call,1.121
1-739771090,In Call,1.179
1-739771285,In Call,0.355
1-739771315,In Call,0.317
1-739771402,In Call,1.439
1-739771431,Closed,616.681
1-739771511,In Call,0.229
1-739772962,Closed,20.439
1-739773642,Closed,965.194
1-739774185,Closed,706.209
1-739774484,In Call,0.461
1-739774516,In Call,0.133
1-739774687,In Call,0.522
1-739775208,Closed,968.917
1-739775605,In Call,0.439
1-739779041,Closed,103.509
1-739779223,Closed,12.986
1-739780479,In Call,9.716
1-739782542,Closed,97.391
1-739782743,Closed,96.618
1-739782801,Closed,9.012
1-739788100,Closed,621.904
1-739788228,Closed,620.839
1-739788318,Closed,706.339
1-739790961,In Call,0.632
1-739791039,In Call,0.935
1-739791073,Closed,95.785
1-739794081,Resolved,337.395
1-739795812,Closed,102.41
1-739800265,Closed,615.956
1-739809072,Closed,12.716
1-739809691,Closed,672.178
1-739809801,Closed,13.526
1-739819436,In Call,0.018
1-739819463,In Call,0.02
1-739820726,In Call,1.988
1-739820766,In Call,0.378
1-739821873,Closed,675.714
1-739823176,In Call,0.169
1-739823295,Closed,700.165
1-739824200,In Call,5.217
1-739825949,In Call,2.235
1-739826218,In Call,0.968
1-739826708,Closed,675.488
1-739828769,Closed,409.267
1-739829006,Closed,614.417
1-739829191,Closed,699.463
1-739829448,Closed,610.599
1-739829857,Closed,694.211
1-739829881,Closed,693.971
1-739829892,Closed,607.523
1-739843086,In Call,0.089
1-739843472,Closed,681.644
1-739843830,In Call,2.129
1-739845918,Closed,951.424
1-739846371,Closed,755.581
1-739847770,Closed,403.697
1-739847798,In Call,0.266
1-739850124,Closed,86.089
1-739850206,Closed,691.215
1-739850299,Closed,689.846
1-739850380,Closed,688.837
1-739850761,Closed,686.355
1-739850951,In Call,0.675
1-739851171,Closed,671.956
1-739872261,Closed,363.334
1-739872708,In Call,0.518
1-739872825,In Call,0.493
1-739899771,Closed,678.595
1-739901756,In Call,0.116
1-739903001,Closed,669.258
1-739903026,Closed,669.036
1-739903055,Closed,668.789
1-739903089,In Call,0.338
1-739903365,Closed,664.842
1-739903561,Closed,663.767
1-739903768,In Call,0.072
1-740059721,Closed,68.27
1-740285129,Closed,676.795
1-740291939,Closed,677.608
1-740292320,Closed,672.889
1-740292673,Closed,668.737
1-740292729,Closed,668.058
1-740292753,Closed,667.937
1-740293061,Closed,671.266
1-740293080,In Call,0.351
1-740299941,Closed,675.58
1-740300138,Closed,62.337
1-740300223,In Call,0.099
1-740300366,In Call,0.09
1-740300621,In Call,1.184
1-740300859,In Call,0.153
1-740302831,In Call,0.423
1-740303155,Closed,1018.19
1-740307011,Closed,670.142
1-740307036,Closed,669.15
1-740307073,Closed,666.16
1-740307161,Resolved,371.379
1-740307259,Closed,666.115
1-740307285,Closed,665.817
1-740307293,Closed,59.818
1-740307381,Closed,664.987
1-740307677,Closed,919.834
1-740308671,In Call,0.616
1-740315176,In Call,0.285
1-740315219,Closed,664.035
1-740315361,Closed,663.389
1-740315712,Closed,653.448
1-740316201,Closed,403.562
1-740316633,Closed,655.323
1-740316771,Closed,1.279
1-740322310,Closed,663.242
1-740322441,In Call,0.388
1-740322551,In Call,0.922
1-740322680,In Call,0.838
1-740324225,Closed,921.652
1-740328352,Closed,604.857
1-740328458,Closed,660.676
1-740330013,Closed,663.785
1-740330191,Closed,661.887
1-740330313,Closed,660.954
1-740330630,Closed,659.642
1-740330755,Closed,658.457
1-740330767,Closed,658.444
1-740330789,Closed,658.418
1-740330801,Closed,658.406
1-740330824,Closed,658.38
1-740330871,Closed,658.351
1-740330883,Closed,658.335
1-740339240,In Call,265.61
1-740339295,In Call,1.093
1-740339637,In Call,1.649
1-740340071,Closed,662.701
1-740340101,In Call,0.492
1-740340137,In Call,0.413
1-740342107,In Call,0.758
1-740342121,In Call,0.31
1-740342178,Closed,1526.165
1-740342181,In Call,0.872
1-740342406,In Call,0.485
1-740348139,Resolved,360.689
1-740348149,In Call,0.762
1-740348202,Closed,660.011
1-740348417,Closed,659.039
1-740348495,Closed,53.032
1-740348693,In Call,0.389
1-740357708,Closed,742.346
1-740359121,Resolved,361.879
1-740359484,In Call,0.291
1-740359508,In Call,0.478
1-740364658,In Call,0.626
1-740364822,Wait - User,364.235
1-740367985,In Call,0.56
1-740368015,In Call,0.515
1-740371348,Closed,1522.289
1-740380115,Closed,661.427
1-740384821,In Call,0.218
1-740387312,Closed,359.655
1-740387481,Closed,658.758
1-740387608,In Call,274.483
1-740393918,In Call,5.185
1-740394189,In Call,1.521
1-740394743,In Call,1.081
1-740396381,In Call,14.306
1-740396492,In Call,0.341
1-740396560,Closed,658.948
1-740396572,Closed,918.457
1-740396710,In Call,12.231
1-740398415,In Call,1.239
1-740404051,Closed,660.141
1-740404130,Resolved,954.86
1-740404266,In Call,1.132
1-740404288,In Call,0.726
1-740404649,In Call,0.824
1-740404752,In Call,0.623
1-740406442,Closed,569.472
1-740406759,Closed,0.102
1-740406890,Closed,0.541
1-740421027,In Call,0.576
1-740421478,Closed,906.009
1-740421552,Closed,1519.699
1-740423292,Closed,656.922
1-740423500,In Call,0.259
1-740423737,Closed,914.259
1-740423797,Closed,48.926
1-740423830,Closed,651.374
1-740435031,In Call,0.35
1-740435051,Closed,657.736
1-740435109,Closed,654.631
1-740435261,In Call,2.645
1-740435381,Resolved,342.718
1-740435636,In Call,0.869
1-740439051,Closed,657.654
1-740443901,Closed,657.977
1-740443932,In Call,0.247
1-740444114,In Call,0.48
1-740444186,In Call,0.035
1-740444369,Closed,654.265
1-740444402,Closed,654.536
1-740444535,Closed,48.427
1-740444700,Closed,652.456
1-740449312,In Call,0.112
1-740449572,Closed,654.723
1-740449730,Closed,46.529
1-740449736,Closed,651.677
1-740453064,Closed,655.889
1-740453306,Closed,913.914
1-740453793,Closed,652.206
1-740454929,Closed,51.562
1-740454979,In Call,0.574
1-740455033,In Call,0.41
1-740455245,Closed,655.231
1-740455456,In Call,0.535
1-740455880,In Call,0.42
1-740460471,Closed,263.829
1-740460649,Closed,653.669
1-740460855,In Call,0.774
1-740461032,Closed,656.007
1-740461919,In Call,0.398
1-740462148,In Call,1.008
1-740462359,Closed,655.374
1-740462424,Closed,655.29
1-740462506,In Call,0.414
1-740462699,In Call,0.08
1-740462709,In Call,1.122
1-740470151,Closed,915.774
1-740470730,Closed,47.794
1-740471440,In Call,0.685
1-740471621,Closed,308.265
1-740489949,Closed,309.487
1-740490182,Closed,47.847
1-740490375,In Call,0.092
1-740490668,Closed,41.064
1-740490799,Closed,375.515
1-740490856,Closed,299.967
1-740493021,Closed,9.223
1-740493271,Closed,293.912
1-740493362,Closed,32.81
1-740493431,Closed,896.488
1-740493471,Closed,290.278
1-740506051,Closed,913.629
1-740506419,Closed,46.109
1-740506511,Closed,305.489
1-740517201,Closed,652.751
1-740527771,Closed,651.324
1-740527807,Closed,651.172
1-740529071,Resolved,363.993
1-740529083,Closed,653.633
1-740529221,Closed,47.732
1-740529245,In Call,0.225
1-740529442,In Call,0.354
1-740529525,Closed,1516.081
1-740529642,Closed,649.808
1-740532920,Closed,653.783
1-740533246,Closed,651.848
1-740533338,Closed,652.01
1-740533480,In Call,1.164
1-740533531,Closed,650.995
1-740533550,Closed,650.931
1-740533626,Closed,649.988
1-740533751,Closed,650.197
1-740533853,In Call,1.129
1-740534568,Closed,649.799
1-740534577,In Call,9.566
1-740537324,In Call,0.53
1-740537782,In Call,0.169
1-740538135,Closed,46.666
1-740538543,Closed,650.979
1-740538607,In Call,0.638
1-740538636,Closed,648.163
1-740542062,In Call,0.182
1-740542154,Closed,44.868
1-740543537,Closed,42.682
1-740545224,In Call,0.391
1-740545478,Closed,650.53
1-740550404,Closed,646.468
1-740556083,In Call,0.158
1-740556381,In Call,0.039
1-740556477,In Call,0.512
1-740559958,Closed,304.311
1-740560504,In Call,1.767
1-740560551,Closed,649.822
1-740566326,In Call,0.457
1-740570748,Closed,644.211
1-740572291,Closed,647.352
1-740572361,Closed,646.876
1-740572582,In Call,0.33
1-740572661,Closed,645.154
1-740580971,In Call,0.343
1-740581372,In Call,1.323
1-740581649,In Call,0.149
1-740585249,In Call,0.404
1-740585356,In Call,0.609
1-740585777,In Call,0.347
1-740591301,In Call,0.473
1-740591685,Closed,1509.579
1-740591717,Closed,644.191
1-740594799,In Call,1.622
1-740595137,Closed,646.997
1-740595169,Closed,646.904
1-740596194,In Call,2.111
1-740596231,Closed,907.095
1-740596320,Closed,905.696
1-740596328,Closed,645.785
1-740596823,Closed,39.958
1-740597468,In Call,0.481
1-740604107,Closed,646.346
1-740604467,Closed,642.769
1-740604478,Closed,642.757
1-740604585,Closed,642.478
1-740604620,Closed,642.446
1-740604668,Closed,642.343
1-740604680,Closed,642.324
1-740604715,Closed,642.189
1-740604739,Closed,642.093
1-740604809,Closed,642.038
1-740604843,Closed,641.963
1-740607229,In Call,1.782
1-740607267,Closed,298.583
1-740607871,Closed,36.966
1-740609927,Closed,647.49
1-740609951,In Call,0.061
1-740610296,Closed,641.798
1-740610640,Closed,27.931
1-740617030,In Call,0.573
1-740617279,Closed,299.778
1-740617320,In Call,5.607
1-740617545,In Call,0.213
1-740617724,In Call,0.204
1-740617780,In Call,3.188
1-740618637,In Call,0.878
1-740622990,Closed,643.005
1-740626844,Closed,640.865
1-740628753,Closed,640.838
1-740628896,Closed,639.96
1-740630061,Closed,643.611
1-740630195,Resolved,939.11
1-740630351,In Call,0.824
1-740630613,Closed,639.612
1-740630690,Closed,293.983
1-740632224,Closed,639.838
1-740633126,Closed,37.961
1-740633433,In Call,0.051
1-740633553,In Call,0.141
1-740633703,Closed,36.273
1-740634961,Closed,644.191
1-740635600,Closed,415.04
1-740637167,In Call,1.934
1-740638407,In Call,0.592
1-740638451,Closed,36.062
1-740638571,Closed,1505.445
1-740638646,In Call,0.451
1-740638966,Closed,989.306
1-740639319,Closed,34.998
1-740639643,In Call,0.865
1-740639767,In Call,1.694
1-740639796,Closed,637.349
1-740639823,In Call,1.131
1-740641487,Closed,36.746
1-740641679,In Call,1.061
1-740641704,In Call,0.075
1-740641916,In Call,334.766
1-740641930,Resolved,327.885
1-740642387,In Call,0.625
1-740642429,Closed,900.334
1-740648120,In Call,0.385
1-740648886,In Call,0.411
1-740655421,Closed,34.751
1-740662139,Closed,635.191
1-740662341,In Call,0.287
1-740662381,In Call,0.448
1-740662398,Closed,899.055
1-740662540,Closed,639.495
1-740662560,In Call,2.38
1-740662703,Closed,423.65
1-740670770,In Call,247.992
1-740677096,Closed,639.439
1-740677598,Closed,635.532
1-740679046,Closed,1504.519
1-740679321,In Call,0.913
1-740679438,Closed,32.497
1-740680115,Closed,898.892
1-740680255,Closed,639.757
1-740680292,Closed,293.635
1-740682117,In Call,0.322
1-740682224,In Call,3.343
1-740682250,In Call,0.627
1-740682941,Closed,639.386
1-740682961,Closed,293.15
1-740683041,Closed,464.04
1-740683101,Closed,1586.765
1-740683221,Closed,23.661
1-740683341,Closed,351.589
1-740684600,Closed,118.484
1-740684725,Closed,637.102
1-740686915,Closed,899.586
1-740687864,In Call,1.742
1-740692929,Closed,639.502
1-740693037,Closed,638.68
1-740693091,Closed,639.415
1-740693170,Closed,31.482
1-740693604,Closed,896.419
1-740696062,Closed,898.462
1-740698487,Closed,31.423
1-740703291,Closed,463.859
1-740703451,Closed,376.595
1-740703544,Closed,895.267
1-740703747,Closed,288.336
1-740703867,Closed,893.097
1-740715079,In Call,0.136
1-740715559,In Call,0.502
1-740715573,In Call,0.923
1-740715743,In Call,0.271
1-740723138,Closed,32.122
1-740723442,Resolved,340.394
1-740723678,Closed,633.378
1-740726556,In Call,1.803
1-740726591,Closed,633.503
1-740730671,In Call,1.948
1-740731990,In Call,12.256
1-740732022,Closed,1586.846
1-740732425,In Call,0.127
1-740732805,Resolved,329.771
1-740736929,Closed,635.768
1-740737521,In Call,0.09
1-740737536,In Call,0.027
1-740740907,Resolved,926.134
1-740741492,Closed,635.138
1-740741561,Closed,288.828
1-740748947,Closed,25.973
1-740749185,Closed,373.459
1-740749370,In Call,0.276
1-740751001,Closed,30.574
1-740751204,Closed,1498.579
1-740751544,Closed,892.923
1-740751561,Closed,892.912
1-740751967,Closed,459.444
1-740752103,Closed,1499.8
1-740752486,Closed,632.793
1-740753868,In Call,0.238
1-740760140,In Call,0.338
1-740760247,In Call,0.142
1-740760605,Closed,631.701
1-740765939,Closed,893.82
1-740771761,Closed,109.933
1-740773316,Closed,286.888
1-740773761,Closed,629.935
1-740779636,Closed,622.927
1-740780662,Closed,623.5
1-740781202,Closed,244.466
1-740781343,Closed,715.577
1-740781457,Closed,628.002
1-740782031,Wait - Implementation,508.834
1-740786620,In Call,0.25
1-740791397,Closed,627.957
1-740791787,Closed,1571.845
1-740791865,Closed,445.669
1-740792192,In Call,0.509
1-740792353,In Call,0.867
1-740792459,Closed,25.222
1-740801127,Closed,238.308
1-740803114,In Call,0.341
1-740803482,Closed,282.864
1-740803777,In Call,2.397
1-740804915,Closed,631.131
1-740812093,In Call,2.846
1-740812542,In Call,0.482
1-740814456,Closed,873.767
1-740816078,Closed,887.89
1-740816193,In Call,0.335
1-740820090,In Call,0.407
1-740820127,In Call,0.794
1-740820318,Closed,626.613
1-740820688,In Call,3.051
1-740821231,In Call,1.165
1-740824347,Closed,12.902
1-740827705,Closed,617.791
1-740829059,Closed,878.641
1-740829531,In Call,0.668
1-740835229,In Call,1.28
1-740835599,In Call,1.49
1-740839548,Closed,351.764
1-740841250,Closed,446.811
1-740842201,Closed,444.724
1-740844296,In Call,0.657
1-740844433,In Call,0.657
1-740847124,Closed,618.499
1-740847645,Closed,614.534
1-740847921,In Call,1.479
1-740848086,In Call,6.002
1-740852906,In Call,4.389
1-740853391,In Call,0.336
1-740853408,In Call,0.032
1-740855996,In Call,0.573
1-740858249,Closed,264.887
1-740858571,Closed,864.942
1-740858975,Closed,8.338
1-740859373,In Call,0.129
1-740861371,Closed,239.33
1-740862126,In Call,1.769
1-740865953,Closed,267.423
1-740865969,Closed,267.198
